{"loss": 0.5048555731773376, "accuracy": 0.8190000057220459}