{"loss": 0.3892997205257416, "accuracy": 0.8543000221252441}