{"loss": 0.36864569783210754, "accuracy": 0.8632000088691711}