{"loss": 0.40080636739730835, "accuracy": 0.8533999919891357}