epoch,loss,accuracy
1,0.642432689666748,0.772683322429657
