epoch,loss,accuracy
1,0.7465069890022278,0.7160833477973938
