epoch,loss,accuracy
1,0.639514148235321,0.7788000106811523
