epoch,loss,accuracy
1,0.5132015347480774,0.8190000057220459
